{"cameraMode":{"drawMode":0,"name":"Shaded","section":"Shading Mode"},"sceneLighting":false,"audioPlay":false,"sceneViewState":{"m_AlwaysRefresh":false,"showFog":false,"showSkybox":false,"showFlares":false,"showImageEffects":false,"showParticleSystems":false,"showVisualEffectGraphs":true,"m_FxEnabled":true},"in2DMode":false,"pivot":{"x":-0.015087366104125977,"y":0.8692599534988403,"z":0.022898435592651368},"rotation":{"x":0.14591121673583985,"y":0.5046372413635254,"z":-0.08698759227991104,"w":0.8464624285697937},"size":1.0808414220809937,"orthographic":false}